<DATE>,<TIME>,<OPEN>,<HIGH>,<LOW>,<CLOSE>,<VOL>
03/01/18,000000,6327.0000000,6485.0000000,6322.0000000,6485.0000000,140838
04/01/18,000000,6495.0000000,6640.0000000,6480.0000000,6629.0000000,171116
05/01/18,000000,6645.0000000,6724.0000000,6525.0000000,6724.0000000,226690
09/01/18,000000,6772.0000000,6829.0000000,6555.0000000,6600.0000000,266894
10/01/18,000000,6638.0000000,6685.0000000,6531.0000000,6660.0000000,209766
11/01/18,000000,6672.0000000,6747.0000000,6620.0000000,6651.0000000,135215
12/01/18,000000,6648.0000000,6765.0000000,6630.0000000,6700.0000000,214554
15/01/18,000000,6720.0000000,6738.0000000,6560.0000000,6579.0000000,212406
16/01/18,000000,6585.0000000,6627.0000000,6380.0000000,6400.0000000,290586
17/01/18,000000,6376.0000000,6494.0000000,6315.0000000,6400.0000000,217824
18/01/18,000000,6429.0000000,6467.0000000,6225.0000000,6265.0000000,344342
19/01/18,000000,6266.0000000,6307.0000000,6227.0000000,6240.0000000,329883
22/01/18,000000,6242.0000000,6350.0000000,6240.0000000,6279.0000000,288444
23/01/18,000000,6298.0000000,6375.0000000,6294.0000000,6360.0000000,238216
24/01/18,000000,6371.0000000,6410.0000000,6302.0000000,6345.0000000,161616
25/01/18,000000,6349.0000000,6369.0000000,6007.0000000,6170.0000000,370974
26/01/18,000000,6161.0000000,6167.0000000,5531.0000000,5539.0000000,1570777
29/01/18,000000,5485.0000000,5645.0000000,5100.0000000,5155.0000000,1392031
30/01/18,000000,5166.0000000,5450.0000000,5051.0000000,5419.0000000,704713
31/01/18,000000,5377.0000000,5500.0000000,5250.0000000,5330.0000000,451549
01/02/18,000000,5338.0000000,5368.0000000,5174.0000000,5219.0000000,661649
02/02/18,000000,5203.0000000,5255.0000000,4921.0000000,5032.0000000,824549
05/02/18,000000,5018.0000000,5019.0000000,4811.0000000,4950.0000000,583736
06/02/18,000000,4800.0000000,4949.0000000,4727.0000000,4785.0000000,629546
07/02/18,000000,4834.0000000,4990.0000000,4720.0000000,4725.0000000,615458
08/02/18,000000,4706.0000000,4890.0000000,4668.0000000,4825.0000000,552546
09/02/18,000000,4771.0000000,4925.0000000,4740.0000000,4808.0000000,505446
12/02/18,000000,4880.0000000,4889.0000000,4827.0000000,4881.0000000,303403
13/02/18,000000,4884.0000000,4937.0000000,4821.0000000,4860.0000000,290717
14/02/18,000000,4873.0000000,4882.0000000,4770.0000000,4820.0000000,494286
15/02/18,000000,4847.0000000,4909.0000000,4828.0000000,4850.0000000,462625
16/02/18,000000,4675.0000000,4755.0000000,4410.0000000,4473.0000000,2649277
19/02/18,000000,4494.0000000,4549.0000000,4250.0000000,4251.0000000,1626972
20/02/18,000000,4272.0000000,4626.0000000,4250.0000000,4588.0000000,1599752
21/02/18,000000,4606.0000000,4848.0000000,4579.0000000,4793.0000000,1393805
22/02/18,000000,4781.0000000,5200.0000000,4735.0000000,5140.0000000,1943392
26/02/18,000000,5175.0000000,5250.0000000,4766.0000000,4803.0000000,1436809
27/02/18,000000,4819.0000000,4986.0000000,4735.0000000,4882.0000000,845110
28/02/18,000000,4873.0000000,4919.0000000,4745.0000000,4782.0000000,508943
01/03/18,000000,4767.0000000,4995.0000000,4701.0000000,4985.0000000,899602
02/03/18,000000,4984.0000000,5177.0000000,4964.0000000,5058.0000000,867973
05/03/18,000000,5088.0000000,5170.0000000,5062.0000000,5130.0000000,446170
06/03/18,000000,5157.0000000,5195.0000000,4970.0000000,5000.0000000,695428
07/03/18,000000,4980.0000000,5055.0000000,4937.0000000,4973.0000000,507256
09/03/18,000000,4958.0000000,5115.0000000,4957.0000000,5115.0000000,293159
12/03/18,000000,5133.0000000,5199.0000000,5111.0000000,5154.0000000,424441
13/03/18,000000,5160.0000000,5190.0000000,5017.0000000,5050.0000000,516929
14/03/18,000000,5049.0000000,5096.0000000,4970.0000000,4970.0000000,401518
15/03/18,000000,4976.0000000,5149.0000000,4915.0000000,5149.0000000,620981
16/03/18,000000,5151.0000000,5180.0000000,4957.0000000,4957.0000000,710099
19/03/18,000000,5020.0000000,5077.0000000,4971.0000000,4990.0000000,575497
20/03/18,000000,5002.0000000,5027.0000000,4872.0000000,4930.0000000,457760
21/03/18,000000,4935.0000000,4982.0000000,4892.0000000,4910.0000000,200616
22/03/18,000000,4906.0000000,4932.0000000,4800.0000000,4800.0000000,335070
23/03/18,000000,4768.0000000,4838.0000000,4700.0000000,4747.0000000,516283
26/03/18,000000,4740.0000000,4806.0000000,4671.0000000,4715.0000000,431564
27/03/18,000000,4722.0000000,4785.0000000,4708.0000000,4755.0000000,212189
28/03/18,000000,4723.0000000,4739.0000000,4559.0000000,4605.0000000,486784
29/03/18,000000,4618.0000000,4761.0000000,4603.0000000,4636.0000000,525208
30/03/18,000000,4658.0000000,4687.0000000,4637.0000000,4680.0000000,80033
02/04/18,000000,4681.0000000,4786.0000000,4672.0000000,4720.0000000,203376
03/04/18,000000,4736.0000000,4736.0000000,4651.0000000,4700.0000000,148165
04/04/18,000000,4705.0000000,4718.0000000,4630.0000000,4651.0000000,157520
05/04/18,000000,4664.0000000,4754.0000000,4655.0000000,4725.0000000,219090
06/04/18,000000,4709.0000000,4785.0000000,4686.0000000,4694.0000000,222640
09/04/18,000000,4678.0000000,4678.0000000,4131.0000000,4484.0000000,953582
10/04/18,000000,4502.0000000,4677.0000000,4422.0000000,4549.0000000,539054
11/04/18,000000,4525.0000000,4625.0000000,4437.0000000,4555.0000000,388682
12/04/18,000000,4576.0000000,4755.0000000,4541.0000000,4730.0000000,511320
13/04/18,000000,4742.0000000,4777.0000000,4655.0000000,4710.0000000,319300
16/04/18,000000,4650.0000000,4748.0000000,4623.0000000,4690.0000000,189295
17/04/18,000000,4739.0000000,4840.0000000,4730.0000000,4790.0000000,256877
18/04/18,000000,4793.0000000,4947.0000000,4791.0000000,4895.0000000,346674
19/04/18,000000,4914.0000000,5030.0000000,4885.0000000,4921.0000000,418706
20/04/18,000000,4940.0000000,5017.0000000,4780.0000000,4825.0000000,388279
23/04/18,000000,4825.0000000,4870.0000000,4715.0000000,4785.0000000,329039
24/04/18,000000,4805.0000000,4805.0000000,4715.0000000,4729.0000000,277550
25/04/18,000000,4722.0000000,4840.0000000,4716.0000000,4786.0000000,508433
26/04/18,000000,4801.0000000,4830.0000000,4722.0000000,4830.0000000,318786
27/04/18,000000,4836.0000000,4888.0000000,4781.0000000,4875.0000000,193989
28/04/18,000000,4868.0000000,4869.0000000,4842.0000000,4853.0000000,25724
30/04/18,000000,4854.0000000,4918.0000000,4820.0000000,4902.0000000,134317
02/05/18,000000,4872.0000000,4938.0000000,4851.0000000,4893.0000000,152546
03/05/18,000000,4895.0000000,4935.0000000,4805.0000000,4827.0000000,181937
04/05/18,000000,4828.0000000,4942.0000000,4822.0000000,4892.0000000,236824
07/05/18,000000,4901.0000000,4935.0000000,4862.0000000,4870.0000000,106672
08/05/18,000000,4870.0000000,4890.0000000,4821.0000000,4840.0000000,171289
10/05/18,000000,4893.0000000,4920.0000000,4840.0000000,4860.0000000,216450
11/05/18,000000,4859.0000000,4937.0000000,4859.0000000,4901.0000000,239620
14/05/18,000000,4911.0000000,4998.0000000,4863.0000000,4985.0000000,241670
15/05/18,000000,4990.0000000,5098.0000000,4960.0000000,5045.0000000,451737
16/05/18,000000,5040.0000000,5236.0000000,5012.0000000,5170.0000000,662151
17/05/18,000000,5221.0000000,5266.0000000,5097.0000000,5164.0000000,460691
18/05/18,000000,5184.0000000,5210.0000000,5066.0000000,5108.0000000,290382
21/05/18,000000,5118.0000000,5200.0000000,5087.0000000,5185.0000000,352610
22/05/18,000000,5183.0000000,5275.0000000,5167.0000000,5260.0000000,296514
23/05/18,000000,5255.0000000,5260.0000000,5171.0000000,5185.0000000,198001
24/05/18,000000,5169.0000000,5348.0000000,5115.0000000,5265.0000000,504839
25/05/18,000000,5279.0000000,5329.0000000,5210.0000000,5210.0000000,247241
28/05/18,000000,5215.0000000,5275.0000000,5184.0000000,5185.0000000,96968
29/05/18,000000,5208.0000000,5237.0000000,5052.0000000,5087.0000000,274844
30/05/18,000000,5086.0000000,5192.0000000,5013.0000000,5150.0000000,297586
31/05/18,000000,5182.0000000,5210.0000000,5060.0000000,5111.0000000,208841
01/06/18,000000,5080.0000000,5154.0000000,5031.0000000,5112.0000000,171334
04/06/18,000000,5115.0000000,5227.0000000,5091.0000000,5187.0000000,274201
05/06/18,000000,5202.0000000,5256.0000000,5170.0000000,5175.0000000,182093
06/06/18,000000,5193.0000000,5218.0000000,4905.0000000,4937.0000000,696519
07/06/18,000000,4952.0000000,5030.0000000,4914.0000000,5030.0000000,284634
08/06/18,000000,5017.0000000,5017.0000000,4770.0000000,4818.0000000,403834
09/06/18,000000,4819.0000000,4838.0000000,4786.0000000,4818.0000000,28596
11/06/18,000000,4831.0000000,4852.0000000,4726.0000000,4750.0000000,141610
13/06/18,000000,4775.0000000,4786.0000000,4651.0000000,4702.0000000,393756
14/06/18,000000,4704.0000000,4724.0000000,4657.0000000,4690.0000000,166772
15/06/18,000000,4697.0000000,4739.0000000,4654.0000000,4710.0000000,228321
18/06/18,000000,4697.0000000,4697.0000000,4596.0000000,4631.0000000,201784
19/06/18,000000,4628.0000000,4644.0000000,4514.0000000,4592.0000000,315266
20/06/18,000000,4613.0000000,4660.0000000,4597.0000000,4646.0000000,269824
21/06/18,000000,4646.0000000,4673.0000000,4576.0000000,4599.0000000,172685
22/06/18,000000,4601.0000000,4670.0000000,4572.0000000,4572.0000000,270354
25/06/18,000000,4567.0000000,4608.0000000,4534.0000000,4550.0000000,112272
26/06/18,000000,4568.0000000,4654.0000000,4556.0000000,4615.0000000,219572
27/06/18,000000,4620.0000000,4677.0000000,4555.0000000,4609.0000000,184728
28/06/18,000000,4602.0000000,4647.0000000,4586.0000000,4610.0000000,141860
29/06/18,000000,4635.0000000,4637.0000000,4570.0000000,4600.0000000,259893
02/07/18,000000,4605.0000000,4664.0000000,4590.0000000,4623.0000000,155950
03/07/18,000000,4630.0000000,4677.0000000,4606.0000000,4620.0000000,166282
04/07/18,000000,4626.0000000,4656.0000000,4617.0000000,4630.0000000,107772
05/07/18,000000,4547.0000000,4586.0000000,4528.0000000,4528.0000000,203490
06/07/18,000000,4540.0000000,4564.0000000,4481.0000000,4550.0000000,146961
09/07/18,000000,4556.0000000,4590.0000000,4500.0000000,4521.0000000,220789
10/07/18,000000,4533.0000000,4544.0000000,4458.0000000,4465.0000000,192706
11/07/18,000000,4463.0000000,4486.0000000,4415.0000000,4446.0000000,149498
12/07/18,000000,4440.0000000,4499.0000000,4374.0000000,4463.0000000,178065
13/07/18,000000,4469.0000000,4497.0000000,4438.0000000,4474.0000000,131936
16/07/18,000000,4476.0000000,4495.0000000,4455.0000000,4457.0000000,174007
17/07/18,000000,4453.0000000,4480.0000000,4400.0000000,4430.0000000,219788
18/07/18,000000,4436.0000000,4468.0000000,4413.0000000,4440.0000000,126219
19/07/18,000000,4444.0000000,4455.0000000,4312.0000000,4342.0000000,443402
20/07/18,000000,4333.0000000,4365.0000000,4263.0000000,4300.0000000,372774
23/07/18,000000,4295.0000000,4337.0000000,4266.0000000,4285.0000000,146829
24/07/18,000000,4287.0000000,4301.0000000,4171.0000000,4180.0000000,291158
25/07/18,000000,4154.0000000,4168.0000000,3991.0000000,4050.0000000,672736
26/07/18,000000,4058.0000000,4344.0000000,4058.0000000,4280.0000000,984632
27/07/18,000000,4287.0000000,4311.0000000,4215.0000000,4270.0000000,373835
30/07/18,000000,4270.0000000,4273.0000000,4200.0000000,4214.0000000,263652
31/07/18,000000,4204.0000000,4209.0000000,4088.0000000,4128.0000000,416666
01/08/18,000000,4128.0000000,4213.0000000,4125.0000000,4187.0000000,279783
02/08/18,000000,4186.0000000,4215.0000000,4109.0000000,4179.0000000,235263
03/08/18,000000,4179.0000000,4224.0000000,4161.0000000,4205.0000000,371546
06/08/18,000000,4210.0000000,4339.0000000,4175.0000000,4230.0000000,593051
07/08/18,000000,4230.0000000,4284.0000000,4207.0000000,4240.0000000,176043
08/08/18,000000,4239.0000000,4249.0000000,4122.0000000,4228.0000000,275565
09/08/18,000000,4215.0000000,4230.0000000,4107.0000000,4189.0000000,302846
10/08/18,000000,4189.0000000,4193.0000000,4007.0000000,4033.0000000,485539
13/08/18,000000,3998.0000000,4082.0000000,3936.0000000,4039.0000000,581332
14/08/18,000000,4057.0000000,4114.0000000,3970.0000000,3995.0000000,322633
15/08/18,000000,4005.0000000,4058.0000000,3977.0000000,4016.0000000,254188
16/08/18,000000,4015.0000000,4076.0000000,4006.0000000,4035.0000000,238781
17/08/18,000000,4033.0000000,4081.0000000,4015.0000000,4033.0000000,148940
20/08/18,000000,4048.0000000,4209.0000000,4039.0000000,4108.0000000,520547
21/08/18,000000,4125.0000000,4275.0000000,4076.0000000,4235.0000000,714908
22/08/18,000000,4242.0000000,4269.0000000,4140.0000000,4170.0000000,430825
23/08/18,000000,4168.0000000,4183.0000000,4123.0000000,4157.0000000,305875
24/08/18,000000,4156.0000000,4166.0000000,4074.0000000,4141.0000000,180292
27/08/18,000000,4142.0000000,4184.0000000,4117.0000000,4175.0000000,97331
28/08/18,000000,4187.0000000,4225.0000000,4169.0000000,4205.0000000,171851
29/08/18,000000,4222.0000000,4228.0000000,4156.0000000,4192.0000000,120652
30/08/18,000000,4210.0000000,4227.0000000,4072.0000000,4098.0000000,189358
31/08/18,000000,4086.0000000,4099.0000000,4024.0000000,4057.0000000,247111
03/09/18,000000,4047.0000000,4068.0000000,4034.0000000,4037.0000000,95999
04/09/18,000000,4045.0000000,4068.0000000,3990.0000000,4045.0000000,413700
05/09/18,000000,4057.0000000,4142.0000000,4046.0000000,4110.0000000,318344
06/09/18,000000,4111.0000000,4122.0000000,4045.0000000,4058.0000000,290897
07/09/18,000000,4067.0000000,4073.0000000,4009.0000000,4049.0000000,311239
10/09/18,000000,4055.0000000,4077.0000000,3993.0000000,4040.0000000,250328
11/09/18,000000,4036.0000000,4047.0000000,3990.0000000,4018.0000000,215088
12/09/18,000000,4022.0000000,4095.0000000,4020.0000000,4095.0000000,200103
13/09/18,000000,4102.0000000,4160.0000000,4058.0000000,4070.0000000,299147
14/09/18,000000,4087.0000000,4169.0000000,4048.0000000,4163.0000000,256247
17/09/18,000000,4180.0000000,4224.0000000,4165.0000000,4185.0000000,334929
18/09/18,000000,4197.0000000,4275.0000000,4189.0000000,4196.0000000,364396
19/09/18,000000,4214.0000000,4275.0000000,4210.0000000,4258.0000000,309025
20/09/18,000000,4270.0000000,4275.0000000,4182.0000000,4200.0000000,477507
21/09/18,000000,4197.0000000,4227.0000000,4141.0000000,4190.0000000,390132
24/09/18,000000,4190.0000000,4215.0000000,4096.0000000,4141.0000000,223308
25/09/18,000000,4156.0000000,4195.0000000,4130.0000000,4185.0000000,247786
26/09/18,000000,4198.0000000,4230.0000000,3992.0000000,3992.0000000,653871
27/09/18,000000,4000.0000000,4025.0000000,3750.0000000,3840.0000000,1563423
28/09/18,000000,3839.0000000,3867.0000000,3710.0000000,3835.0000000,504508
01/10/18,000000,3853.0000000,3942.0000000,3757.0000000,3825.0000000,775851
02/10/18,000000,3834.0000000,3846.0000000,3775.0000000,3840.0000000,309263
03/10/18,000000,3840.0000000,3876.0000000,3810.0000000,3852.0000000,263481
04/10/18,000000,3850.0000000,3869.0000000,3793.0000000,3840.0000000,334926
05/10/18,000000,3861.0000000,3913.0000000,3789.0000000,3830.0000000,427443
08/10/18,000000,3825.0000000,3848.0000000,3765.0000000,3771.0000000,343660
09/10/18,000000,3782.0000000,3799.0000000,3581.0000000,3582.0000000,715738
10/10/18,000000,3585.0000000,3603.0000000,3455.0000000,3490.0000000,796990
11/10/18,000000,3438.0000000,3475.0000000,3350.0000000,3440.0000000,914145
12/10/18,000000,3465.0000000,3565.0000000,3465.0000000,3490.0000000,711719
15/10/18,000000,3500.0000000,3579.0000000,3460.0000000,3560.0000000,518201
16/10/18,000000,3566.0000000,3612.0000000,3521.0000000,3540.0000000,543699
17/10/18,000000,3559.0000000,3618.0000000,3541.0000000,3581.0000000,467911
18/10/18,000000,3589.0000000,3640.0000000,3546.0000000,3588.0000000,383206
19/10/18,000000,3600.0000000,3610.0000000,3562.0000000,3580.0000000,437207
22/10/18,000000,3594.0000000,3648.0000000,3481.0000000,3487.0000000,377059
23/10/18,000000,3470.0000000,3477.0000000,3291.0000000,3465.0000000,694061
24/10/18,000000,3494.0000000,3544.0000000,3461.0000000,3461.0000000,327830
25/10/18,000000,3444.0000000,3520.0000000,3431.0000000,3515.0000000,313396
26/10/18,000000,3503.0000000,3514.0000000,3417.0000000,3461.0000000,295135
29/10/18,000000,3499.0000000,3551.0000000,3434.0000000,3541.0000000,346576
30/10/18,000000,3537.0000000,3634.0000000,3523.0000000,3606.0000000,509239
31/10/18,000000,3625.0000000,3672.0000000,3590.0000000,3590.0000000,323043
01/11/18,000000,3625.0000000,3648.0000000,3603.5000000,3640.0000000,409391
02/11/18,000000,3646.0000000,3696.0000000,3625.5000000,3660.0000000,393714
06/11/18,000000,3702.0000000,3740.0000000,3685.0000000,3695.0000000,348577
07/11/18,000000,3710.0000000,3727.5000000,3665.5000000,3720.0000000,361377
08/11/18,000000,3757.0000000,3757.0000000,3716.5000000,3735.0000000,302855
09/11/18,000000,3720.5000000,3734.5000000,3680.0000000,3700.0000000,321177
12/11/18,000000,3729.0000000,3739.5000000,3656.0000000,3656.0000000,207823
13/11/18,000000,3684.0000000,3684.0000000,3615.0000000,3629.5000000,186358
14/11/18,000000,3625.0000000,3629.5000000,3512.0000000,3549.0000000,352409
15/11/18,000000,3560.5000000,3569.0000000,3535.0000000,3543.5000000,233312
16/11/18,000000,3559.5000000,3560.0000000,3472.5000000,3478.0000000,321211
19/11/18,000000,3496.0000000,3508.5000000,3468.0000000,3500.0000000,156863
20/11/18,000000,3492.0000000,3524.5000000,3441.0000000,3454.5000000,184254
21/11/18,000000,3474.0000000,3509.0000000,3441.5000000,3496.0000000,258883
22/11/18,000000,3511.5000000,3514.5000000,3464.0000000,3493.0000000,195828
23/11/18,000000,3499.0000000,3504.0000000,3454.0000000,3461.0000000,143143
26/11/18,000000,3464.0000000,3503.0000000,3388.0000000,3490.0000000,330537
27/11/18,000000,3490.0000000,3508.5000000,3455.5000000,3500.0000000,238947
28/11/18,000000,3500.0000000,3515.0000000,3479.0000000,3500.0000000,356408
29/11/18,000000,3512.0000000,3541.0000000,3494.5000000,3500.0000000,280324
30/11/18,000000,3498.5000000,3518.5000000,3487.0000000,3500.0000000,237843
03/12/18,000000,3509.0000000,3522.0000000,3491.0000000,3500.0000000,253115
04/12/18,000000,3500.5000000,3684.0000000,3494.5000000,3630.0000000,615023
05/12/18,000000,3613.5000000,3669.0000000,3590.0000000,3669.0000000,331975
06/12/18,000000,3654.0000000,3710.0000000,3578.5000000,3699.0000000,313241
07/12/18,000000,3708.5000000,3750.0000000,3662.5000000,3719.0000000,442642
10/12/18,000000,3694.0000000,3721.5000000,3621.0000000,3685.0000000,255171
11/12/18,000000,3677.5000000,3689.5000000,3583.5000000,3595.0000000,241409
12/12/18,000000,3599.0000000,3631.0000000,3545.0000000,3600.5000000,221709
13/12/18,000000,3610.5000000,3664.0000000,3586.0000000,3653.5000000,147182
14/12/18,000000,3653.5000000,3658.5000000,3595.0000000,3644.0000000,159124
17/12/18,000000,3645.0000000,3688.5000000,3634.5000000,3671.5000000,182390
18/12/18,000000,3662.5000000,3730.0000000,3605.0000000,3725.0000000,305193
19/12/18,000000,3710.0000000,3720.0000000,3673.5000000,3675.0000000,254925
20/12/18,000000,3540.0000000,3594.0000000,3526.5000000,3565.0000000,370542
21/12/18,000000,3554.5000000,3574.0000000,3537.0000000,3537.0000000,217171
24/12/18,000000,3531.0000000,3548.5000000,3493.0000000,3503.5000000,100235
25/12/18,000000,3485.0000000,3490.0000000,3310.0000000,3439.5000000,208868
26/12/18,000000,3442.0000000,3498.0000000,3428.5000000,3491.5000000,186480
27/12/18,000000,3518.0000000,3537.0000000,3429.0000000,3440.0000000,233953
28/12/18,000000,3454.0000000,3494.0000000,3444.0000000,3475.0000000,115054
29/12/18,000000,3478.0000000,3536.5000000,3473.0000000,3511.5000000,68588
03/01/19,000000,3511.5000000,3596.5000000,3482.0000000,3576.0000000,221513
04/01/19,000000,3590.0000000,3652.5000000,3580.0000000,3600.0000000,258406
08/01/19,000000,3602.5000000,3688.0000000,3563.0000000,3680.0000000,232366
09/01/19,000000,3679.0000000,3750.0000000,3661.0000000,3698.5000000,252801
10/01/19,000000,3703.0000000,3838.5000000,3699.0000000,3830.0000000,423249
11/01/19,000000,3830.5000000,3897.0000000,3816.0000000,3827.0000000,370716
14/01/19,000000,3819.0000000,3819.0000000,3756.5000000,3790.5000000,188090
15/01/19,000000,3812.5000000,3930.0000000,3806.0000000,3920.0000000,459913
16/01/19,000000,3930.5000000,3999.0000000,3930.5000000,3970.0000000,377556
17/01/19,000000,4000.0000000,4166.5000000,3992.5000000,4155.0000000,971030
18/01/19,000000,4182.0000000,4232.0000000,4110.0000000,4152.0000000,586706
21/01/19,000000,4170.0000000,4267.5000000,4112.0000000,4140.0000000,634536
22/01/19,000000,4132.0000000,4228.0000000,4112.5000000,4200.0000000,428278
23/01/19,000000,4219.0000000,4328.0000000,4191.5000000,4300.0000000,554050
24/01/19,000000,4317.0000000,4425.0000000,4240.0000000,4256.0000000,698528
25/01/19,000000,4280.0000000,4284.5000000,4140.0000000,4191.0000000,580989
28/01/19,000000,4221.5000000,4229.5000000,4115.0000000,4147.0000000,293665
29/01/19,000000,4160.0000000,4211.5000000,4124.0000000,4188.0000000,245994
30/01/19,000000,4195.5000000,4209.5000000,4150.0000000,4164.0000000,156003
31/01/19,000000,4200.5000000,4220.0000000,4105.5000000,4155.0000000,364963
01/02/19,000000,4151.5000000,4187.0000000,4117.5000000,4133.0000000,168709
04/02/19,000000,4144.0000000,4167.0000000,4122.5000000,4130.0000000,207705
05/02/19,000000,4135.0000000,4155.0000000,4040.0000000,4054.0000000,299418
06/02/19,000000,4055.0000000,4059.5000000,4000.5000000,4025.5000000,335129
07/02/19,000000,4022.5000000,4155.0000000,4010.5000000,4029.5000000,592169
08/02/19,000000,4027.0000000,4099.5000000,4020.0000000,4039.5000000,386727
11/02/19,000000,4060.0000000,4074.0000000,4015.0000000,4035.0000000,199350
12/02/19,000000,4048.0000000,4094.0000000,4015.0000000,4035.0000000,339870
13/02/19,000000,4036.5000000,4054.5000000,3944.0000000,3988.0000000,483855
14/02/19,000000,3967.0000000,4017.5000000,3895.5000000,3895.5000000,530477
15/02/19,000000,3914.5000000,3952.5000000,3844.5000000,3896.0000000,411189
18/02/19,000000,3920.0000000,3947.0000000,3871.0000000,3910.0000000,204154
19/02/19,000000,3915.0000000,3934.5000000,3860.5000000,3900.0000000,194481
20/02/19,000000,3907.5000000,3954.0000000,3907.5000000,3950.0000000,274046
21/02/19,000000,3960.5000000,3990.0000000,3944.0000000,3945.5000000,236539
22/02/19,000000,3938.5000000,3985.0000000,3933.0000000,3962.5000000,270933
25/02/19,000000,3980.0000000,3992.5000000,3911.0000000,3922.5000000,155513
26/02/19,000000,3911.0000000,3938.5000000,3850.0000000,3875.5000000,169200
27/02/19,000000,3894.0000000,3899.5000000,3790.5000000,3803.0000000,254768
28/02/19,000000,3810.0000000,3814.0000000,3776.0000000,3780.0000000,243464
01/03/19,000000,3794.0000000,3920.5000000,3782.5000000,3904.0000000,385313
04/03/19,000000,3916.5000000,3959.5000000,3850.0000000,3860.0000000,196258
05/03/19,000000,3859.0000000,3905.0000000,3832.5000000,3900.0000000,198916
06/03/19,000000,3912.5000000,3939.0000000,3845.5000000,3859.0000000,240817
07/03/19,000000,3866.0000000,3909.0000000,3827.0000000,3850.0000000,181690
11/03/19,000000,3848.0000000,3880.0000000,3776.0000000,3801.5000000,203428
12/03/19,000000,3814.5000000,3837.5000000,3787.5000000,3790.0000000,164980
13/03/19,000000,3797.0000000,3830.0000000,3757.0000000,3830.0000000,216748
14/03/19,000000,3792.0000000,3834.0000000,3735.0000000,3750.0000000,225660
15/03/19,000000,3758.5000000,3777.5000000,3703.5000000,3776.5000000,330371
18/03/19,000000,3780.0000000,3824.5000000,3740.0000000,3788.0000000,185905
19/03/19,000000,3799.0000000,3847.5000000,3771.0000000,3792.0000000,246013
20/03/19,000000,3792.0000000,3797.0000000,3730.0000000,3761.0000000,211975
21/03/19,000000,3765.0000000,3793.5000000,3718.5000000,3730.0000000,238361
22/03/19,000000,3739.0000000,3752.0000000,3672.5000000,3688.0000000,223293
25/03/19,000000,3678.5000000,3734.0000000,3673.5000000,3715.5000000,275441
26/03/19,000000,3719.0000000,3806.0000000,3711.0000000,3760.0000000,401957
27/03/19,000000,3758.0000000,3777.0000000,3698.0000000,3700.0000000,154872
28/03/19,000000,3722.5000000,3723.5000000,3674.0000000,3689.0000000,181321
29/03/19,000000,3691.5000000,3723.0000000,3610.0000000,3640.0000000,431832
01/04/19,000000,3698.0000000,3720.0000000,3671.0000000,3690.5000000,313753
02/04/19,000000,3696.0000000,3708.5000000,3651.5000000,3680.0000000,268293
03/04/19,000000,3691.5000000,3742.0000000,3690.0000000,3715.0000000,223685
04/04/19,000000,3714.0000000,3719.5000000,3655.0000000,3666.0000000,260919
05/04/19,000000,3670.0000000,3674.0000000,3600.0000000,3610.0000000,300892
08/04/19,000000,3617.5000000,3658.5000000,3584.0000000,3652.0000000,302762
09/04/19,000000,3657.0000000,3659.0000000,3603.5000000,3610.0000000,119612
10/04/19,000000,3614.0000000,3625.5000000,3560.5000000,3560.5000000,300558
11/04/19,000000,3576.0000000,3578.0000000,3543.5000000,3548.0000000,170743
12/04/19,000000,3561.5000000,3602.0000000,3547.0000000,3550.5000000,178488
15/04/19,000000,3551.0000000,3566.5000000,3500.0000000,3500.0000000,157437
16/04/19,000000,3511.0000000,3514.0000000,3443.5000000,3496.0000000,319109
17/04/19,000000,3505.0000000,3585.0000000,3504.0000000,3581.0000000,280765
18/04/19,000000,3583.5000000,3600.0000000,3542.0000000,3595.0000000,152468
19/04/19,000000,3595.0000000,3635.0000000,3590.0000000,3597.0000000,97668
22/04/19,000000,3607.5000000,3612.5000000,3565.5000000,3578.5000000,105070
23/04/19,000000,3568.5000000,3679.5000000,3565.0000000,3675.0000000,316674
24/04/19,000000,3668.0000000,3678.0000000,3623.5000000,3639.5000000,181917
25/04/19,000000,3650.5000000,3718.0000000,3641.5000000,3649.5000000,294517
26/04/19,000000,3653.0000000,3670.0000000,3575.5000000,3590.0000000,284847
29/04/19,000000,3564.5000000,3632.5000000,3500.0000000,3630.5000000,247380
30/04/19,000000,3631.5000000,3724.5000000,3545.0000000,3720.0000000,753249
02/05/19,000000,3704.5000000,3774.0000000,3680.5000000,3746.0000000,303256
03/05/19,000000,3750.0000000,3799.0000000,3750.0000000,3795.0000000,197838
06/05/19,000000,3760.0000000,3772.0000000,3711.5000000,3758.5000000,201858
07/05/19,000000,3750.5000000,3864.5000000,3750.5000000,3781.0000000,366735
08/05/19,000000,3781.0000000,3831.0000000,3755.5000000,3815.0000000,232641
10/05/19,000000,3768.0000000,3780.0000000,3696.5000000,3710.0000000,265104
13/05/19,000000,3685.0000000,3752.0000000,3675.0000000,3730.0000000,234001
14/05/19,000000,3730.0000000,3803.5000000,3729.5000000,3795.0000000,354014
15/05/19,000000,3801.0000000,3808.0000000,3728.0000000,3728.5000000,170071
16/05/19,000000,3737.5000000,3740.5000000,3687.0000000,3700.0000000,171953
17/05/19,000000,3703.0000000,3754.5000000,3680.0000000,3700.0000000,191828
20/05/19,000000,3700.5000000,3710.0000000,3645.0000000,3659.0000000,136346
21/05/19,000000,3659.0000000,3671.0000000,3604.0000000,3619.0000000,260925
22/05/19,000000,3619.0000000,3650.0000000,3590.5000000,3616.0000000,182799
23/05/19,000000,3616.0000000,3637.0000000,3544.5000000,3552.0000000,241991
24/05/19,000000,3564.5000000,3594.0000000,3556.0000000,3565.0000000,247805
27/05/19,000000,3578.5000000,3629.0000000,3570.0000000,3615.0000000,130837
28/05/19,000000,3620.0000000,3659.0000000,3612.5000000,3630.0000000,251927
29/05/19,000000,3635.0000000,3689.5000000,3630.5000000,3670.0000000,182324
30/05/19,000000,3685.0000000,3695.0000000,3655.5000000,3673.5000000,107644
31/05/19,000000,3665.0000000,3738.5000000,3642.5000000,3738.5000000,227137
03/06/19,000000,3730.0000000,3859.5000000,3697.5000000,3850.0000000,385759
04/06/19,000000,3841.0000000,3890.5000000,3821.0000000,3860.0000000,365006
05/06/19,000000,3865.0000000,3877.5000000,3837.5000000,3853.0000000,165820
06/06/19,000000,3853.0000000,3876.0000000,3826.5000000,3839.5000000,151980
07/06/19,000000,3839.0000000,3864.0000000,3789.0000000,3820.0000000,240938
10/06/19,000000,3833.5000000,3841.5000000,3791.0000000,3797.0000000,199921
11/06/19,000000,3805.0000000,3826.0000000,3760.0000000,3781.0000000,419395
13/06/19,000000,3647.0000000,3683.0000000,3625.5000000,3650.0000000,297737
14/06/19,000000,3653.5000000,3689.0000000,3615.0000000,3650.0000000,252315
17/06/19,000000,3645.0000000,3755.0000000,3623.0000000,3740.0000000,256587
18/06/19,000000,3740.0000000,3785.0000000,3716.0000000,3741.0000000,207486
19/06/19,000000,3748.0000000,3774.5000000,3717.5000000,3759.5000000,162862
20/06/19,000000,3766.5000000,3819.0000000,3759.0000000,3805.5000000,359783
21/06/19,000000,3805.0000000,3818.5000000,3716.0000000,3753.0000000,284818
24/06/19,000000,3760.5000000,3760.5000000,3700.0000000,3718.5000000,158261
25/06/19,000000,3705.5000000,3736.0000000,3663.0000000,3690.0000000,148326
26/06/19,000000,3690.0000000,3865.5000000,3681.5000000,3865.0000000,874471
27/06/19,000000,3867.5000000,3914.0000000,3791.0000000,3791.0000000,481788
28/06/19,000000,3799.5000000,3802.5000000,3731.0000000,3735.0000000,233295
01/07/19,000000,3754.0000000,3782.0000000,3725.5000000,3729.5000000,165042
02/07/19,000000,3735.0000000,3769.5000000,3703.0000000,3769.0000000,156057
03/07/19,000000,3770.0000000,3793.5000000,3747.0000000,3785.0000000,167973
04/07/19,000000,3780.0000000,3849.5000000,3770.5000000,3833.0000000,324885
05/07/19,000000,3831.5000000,3844.5000000,3803.5000000,3832.5000000,170473
08/07/19,000000,3839.0000000,3938.0000000,3828.5000000,3935.0000000,394950
09/07/19,000000,3936.0000000,3955.0000000,3875.5000000,3930.0000000,275747
10/07/19,000000,3938.0000000,3990.0000000,3900.0000000,3911.0000000,327789
11/07/19,000000,3911.0000000,3930.0000000,3842.0000000,3860.0000000,297993
12/07/19,000000,3861.5000000,3886.0000000,3795.5000000,3863.5000000,259276
15/07/19,000000,3863.0000000,3938.0000000,3839.0000000,3878.5000000,214182
16/07/19,000000,3873.5000000,3898.0000000,3835.5000000,3867.0000000,156259
17/07/19,000000,3851.0000000,3907.0000000,3846.0000000,3869.5000000,169872
18/07/19,000000,3869.0000000,3885.5000000,3837.0000000,3845.5000000,136975
19/07/19,000000,3870.0000000,3887.0000000,3806.0000000,3820.0000000,393376
22/07/19,000000,3816.5000000,3834.5000000,3746.0000000,3751.0000000,308935
23/07/19,000000,3761.0000000,3819.0000000,3736.0000000,3807.0000000,235605
24/07/19,000000,3815.5000000,3816.5000000,3785.0000000,3800.0000000,159121
25/07/19,000000,3800.0000000,3900.0000000,3770.0000000,3793.5000000,409639
26/07/19,000000,3818.0000000,3818.0000000,3746.0000000,3780.0000000,172862
29/07/19,000000,3771.0000000,3812.5000000,3762.5000000,3784.5000000,156261
30/07/19,000000,3795.0000000,3795.0000000,3745.0000000,3782.5000000,104495
31/07/19,000000,3781.0000000,3809.5000000,3751.0000000,3785.0000000,250382
01/08/19,000000,3768.0000000,3793.5000000,3721.5000000,3759.0000000,169450
02/08/19,000000,3737.0000000,3759.0000000,3690.0000000,3690.0000000,229594
05/08/19,000000,3685.0000000,3719.0000000,3556.0000000,3581.0000000,390415
06/08/19,000000,3589.0000000,3609.5000000,3580.0000000,3594.0000000,137668
07/08/19,000000,3600.0000000,3623.0000000,3513.0000000,3532.5000000,288791
08/08/19,000000,3557.5000000,3598.0000000,3541.0000000,3582.5000000,142639
09/08/19,000000,3576.0000000,3598.0000000,3534.0000000,3545.0000000,139374
12/08/19,000000,3558.0000000,3577.0000000,3536.5000000,3559.0000000,94111
13/08/19,000000,3560.0000000,3594.0000000,3552.0000000,3585.5000000,284262
14/08/19,000000,3596.0000000,3640.0000000,3566.0000000,3605.0000000,237298
15/08/19,000000,3605.0000000,3626.5000000,3565.5000000,3586.0000000,277150
16/08/19,000000,3594.0000000,3617.0000000,3578.5000000,3601.0000000,157711
19/08/19,000000,3610.5000000,3649.0000000,3597.5000000,3633.0000000,118385
20/08/19,000000,3633.5000000,3637.0000000,3575.0000000,3584.0000000,142146
21/08/19,000000,3586.0000000,3588.5000000,3545.0000000,3571.0000000,197480
22/08/19,000000,3563.0000000,3572.0000000,3526.0000000,3535.0000000,151256
23/08/19,000000,3536.0000000,3547.0000000,3519.5000000,3520.5000000,151824
26/08/19,000000,3519.5000000,3549.0000000,3483.0000000,3529.5000000,98205
27/08/19,000000,3520.5000000,3543.5000000,3512.0000000,3525.5000000,97756
28/08/19,000000,3529.5000000,3544.5000000,3518.0000000,3543.5000000,172029
29/08/19,000000,3543.5000000,3595.0000000,3542.0000000,3580.0000000,119325
30/08/19,000000,3575.5000000,3690.0000000,3575.5000000,3690.0000000,430284
02/09/19,000000,3687.0000000,3691.0000000,3650.0000000,3656.0000000,142408
03/09/19,000000,3656.5000000,3666.5000000,3606.5000000,3624.0000000,189850
04/09/19,000000,3634.5000000,3654.5000000,3596.0000000,3608.0000000,327381
05/09/19,000000,3618.0000000,3624.5000000,3577.5000000,3599.5000000,428663
06/09/19,000000,3604.0000000,3616.0000000,3570.5000000,3574.5000000,225949
09/09/19,000000,3580.0000000,3595.5000000,3540.0000000,3550.0000000,252069
10/09/19,000000,3550.5000000,3578.0000000,3505.5000000,3575.0000000,435279
11/09/19,000000,3581.5000000,3625.0000000,3558.0000000,3585.0000000,472081
12/09/19,000000,3586.5000000,3637.0000000,3578.0000000,3625.0000000,408066
13/09/19,000000,3625.5000000,3647.0000000,3608.0000000,3620.0000000,215755
16/09/19,000000,3620.5000000,3638.5000000,3600.5000000,3633.0000000,138760
17/09/19,000000,3630.0000000,3654.0000000,3607.5000000,3650.0000000,251439
18/09/19,000000,3645.5000000,3705.0000000,3642.0000000,3671.5000000,460798
19/09/19,000000,3674.0000000,3682.5000000,3608.5000000,3620.0000000,324878
20/09/19,000000,3616.0000000,3632.5000000,3600.0000000,3630.0000000,211820
23/09/19,000000,3630.0000000,3642.5000000,3601.0000000,3630.0000000,103528
24/09/19,000000,3628.0000000,3642.5000000,3562.0000000,3562.0000000,199068
25/09/19,000000,3563.0000000,3579.0000000,3539.5000000,3539.5000000,211087
26/09/19,000000,3543.0000000,3610.0000000,3543.0000000,3587.0000000,188783
27/09/19,000000,3592.5000000,3594.0000000,3559.5000000,3559.5000000,114661
30/09/19,000000,3551.5000000,3569.0000000,3530.0000000,3558.0000000,204091
01/10/19,000000,3557.0000000,3569.5000000,3535.0000000,3540.5000000,121189
02/10/19,000000,3545.0000000,3553.5000000,3500.0000000,3504.0000000,207713
03/10/19,000000,3501.5000000,3511.5000000,3406.0000000,3427.0000000,375940
04/10/19,000000,3433.5000000,3444.5000000,3368.0000000,3379.5000000,246772
07/10/19,000000,3387.0000000,3395.0000000,3355.0000000,3355.0000000,193749
08/10/19,000000,3374.5000000,3378.0000000,3273.0000000,3292.5000000,500326
09/10/19,000000,3298.0000000,3325.0000000,3247.0000000,3321.5000000,471981
10/10/19,000000,3327.0000000,3331.5000000,3276.0000000,3277.0000000,293096
11/10/19,000000,3282.5000000,3298.0000000,3202.5000000,3211.5000000,358327
14/10/19,000000,3217.5000000,3231.0000000,3136.5000000,3136.5000000,400968
15/10/19,000000,3133.0000000,3218.0000000,3110.5000000,3215.0000000,424097
16/10/19,000000,3215.5000000,3259.0000000,3186.0000000,3254.5000000,406127
17/10/19,000000,3259.0000000,3262.5000000,3221.0000000,3239.5000000,279919
18/10/19,000000,3239.5000000,3242.0000000,3205.5000000,3215.0000000,148624
21/10/19,000000,3215.0000000,3242.0000000,3168.0000000,3175.0000000,297079
22/10/19,000000,3176.5000000,3231.0000000,3164.0000000,3230.0000000,244499
23/10/19,000000,3227.5000000,3278.0000000,3195.0000000,3214.0000000,456865
24/10/19,000000,3211.0000000,3255.0000000,3207.0000000,3231.0000000,425053
25/10/19,000000,3243.5000000,3243.5000000,3105.0000000,3182.0000000,519587
28/10/19,000000,3184.0000000,3235.5000000,3162.0000000,3168.0000000,279607
29/10/19,000000,3174.0000000,3247.0000000,3092.5000000,3211.0000000,866930
30/10/19,000000,3211.0000000,3223.0000000,3164.5000000,3201.5000000,251382
31/10/19,000000,3203.5000000,3232.0000000,3199.0000000,3232.0000000,282342
01/11/19,000000,3242.0000000,3320.0000000,3238.0000000,3273.5000000,494119
05/11/19,000000,3302.5000000,3370.0000000,3290.5000000,3346.5000000,430102
06/11/19,000000,3346.5000000,3366.5000000,3325.0000000,3350.0000000,299321
07/11/19,000000,3351.5000000,3379.0000000,3338.5000000,3360.0000000,328258
08/11/19,000000,3353.0000000,3358.5000000,3257.0000000,3303.0000000,418426
11/11/19,000000,3308.5000000,3324.5000000,3291.0000000,3305.0000000,146215
12/11/19,000000,3310.0000000,3365.5000000,3306.0000000,3320.5000000,304507
13/11/19,000000,3311.0000000,3345.0000000,3301.5000000,3333.0000000,163503
14/11/19,000000,3329.5000000,3374.0000000,3313.0000000,3317.0000000,218468
15/11/19,000000,3332.5000000,3350.0000000,3280.0000000,3305.5000000,217900
18/11/19,000000,3341.0000000,3348.0000000,3285.5000000,3294.5000000,280848
19/11/19,000000,3298.0000000,3338.5000000,3291.5000000,3334.0000000,226260
20/11/19,000000,3323.5000000,3330.0000000,3301.5000000,3314.0000000,125141
21/11/19,000000,3307.0000000,3317.5000000,3257.0000000,3270.0000000,277061
22/11/19,000000,3276.0000000,3292.5000000,3255.0000000,3261.0000000,182143
25/11/19,000000,3261.5000000,3275.0000000,3240.0000000,3240.0000000,196557
26/11/19,000000,3243.0000000,3264.5000000,3231.0000000,3241.5000000,245469
27/11/19,000000,3250.0000000,3266.0000000,3234.5000000,3245.5000000,200161
28/11/19,000000,3243.0000000,3264.0000000,3236.5000000,3259.5000000,117096
29/11/19,000000,3252.0000000,3292.0000000,3236.5000000,3283.0000000,189141
02/12/19,000000,3280.0000000,3303.5000000,3242.0000000,3253.5000000,212324
03/12/19,000000,3253.5000000,3256.5000000,3174.0000000,3180.0000000,339436
04/12/19,000000,3188.0000000,3215.5000000,3151.5000000,3195.5000000,190002
05/12/19,000000,3205.0000000,3222.0000000,3191.0000000,3199.0000000,114441
06/12/19,000000,3208.5000000,3219.5000000,3195.5000000,3207.0000000,94980
09/12/19,000000,3211.0000000,3234.5000000,3207.0000000,3231.5000000,169123
10/12/19,000000,3232.0000000,3238.0000000,3211.5000000,3234.0000000,89431
11/12/19,000000,3233.0000000,3258.5000000,3225.0000000,3230.5000000,168607
12/12/19,000000,3235.0000000,3259.5000000,3235.0000000,3235.0000000,209848
13/12/19,000000,3245.0000000,3274.0000000,3237.0000000,3265.5000000,238421
16/12/19,000000,3274.5000000,3289.5000000,3255.5000000,3265.5000000,228827
17/12/19,000000,3268.0000000,3285.5000000,3258.5000000,3272.5000000,212904
18/12/19,000000,3272.0000000,3289.0000000,3268.5000000,3271.0000000,253346
19/12/19,000000,3274.0000000,3288.5000000,3270.5000000,3276.0000000,327136
20/12/19,000000,3325.0000000,3352.0000000,3287.0000000,3297.0000000,648340
23/12/19,000000,3309.5000000,3344.5000000,3301.0000000,3340.0000000,299579
24/12/19,000000,3343.5000000,3379.5000000,3341.0000000,3371.5000000,374853
25/12/19,000000,3374.5000000,3431.5000000,3372.0000000,3416.0000000,395005
26/12/19,000000,3432.0000000,3464.5000000,3424.0000000,3449.0000000,401515
27/12/19,000000,3451.5000000,3467.0000000,3412.5000000,3428.0000000,422886
30/12/19,000000,3435.0000000,3444.0000000,3416.5000000,3425.0000000,252912
03/01/20,000000,3440.0000000,3460.0000000,3431.0000000,3445.5000000,291955
06/01/20,000000,3446.0000000,3455.5000000,3407.0000000,3416.0000000,290909
08/01/20,000000,3416.0000000,3432.0000000,3381.0000000,3427.0000000,388549
09/01/20,000000,3312.0000000,3368.5000000,3300.5000000,3348.0000000,492797
10/01/20,000000,3350.0000000,3379.0000000,3312.0000000,3319.5000000,376849
13/01/20,000000,3330.0000000,3347.5000000,3306.5000000,3345.0000000,222572
14/01/20,000000,3347.5000000,3370.5000000,3325.5000000,3339.0000000,362009
15/01/20,000000,3342.0000000,3463.0000000,3334.5000000,3440.0000000,1536221
16/01/20,000000,3463.5000000,3629.5000000,3460.0000000,3625.0000000,1630349
17/01/20,000000,3661.5000000,3700.0000000,3590.5000000,3623.0000000,1422107
20/01/20,000000,3640.0000000,3889.5000000,3638.0000000,3855.0000000,1596925
21/01/20,000000,3840.5000000,3885.0000000,3714.5000000,3840.0000000,1137798
22/01/20,000000,3860.0000000,3939.0000000,3750.0000000,3750.0000000,1202119
23/01/20,000000,3724.0000000,3750.0000000,3632.0000000,3702.5000000,890575
24/01/20,000000,3731.0000000,3815.0000000,3706.5000000,3796.0000000,1028616
27/01/20,000000,3752.0000000,3763.0000000,3683.0000000,3708.5000000,585063
28/01/20,000000,3719.0000000,3812.0000000,3708.0000000,3751.0000000,597899
29/01/20,000000,3759.0000000,3870.0000000,3731.0000000,3819.5000000,717748
30/01/20,000000,3796.0000000,3874.0000000,3775.5000000,3830.0000000,617826
31/01/20,000000,3851.5000000,3870.0000000,3727.0000000,3727.0000000,682379
03/02/20,000000,3699.0000000,3761.0000000,3668.0000000,3720.5000000,559676
04/02/20,000000,3742.0000000,3797.0000000,3725.0000000,3750.0000000,453596
05/02/20,000000,3759.5000000,3805.5000000,3700.0000000,3783.5000000,1004108
06/02/20,000000,3814.5000000,3839.0000000,3655.0000000,3713.0000000,1505151
07/02/20,000000,3715.5000000,3727.0000000,3625.5000000,3640.0000000,652734
10/02/20,000000,3639.0000000,3657.5000000,3507.0000000,3564.5000000,779546
11/02/20,000000,3571.0000000,3597.0000000,3512.0000000,3575.0000000,594896
12/02/20,000000,3570.0000000,3760.0000000,3563.0000000,3760.0000000,1114425
13/02/20,000000,3750.0000000,3806.5000000,3712.5000000,3750.0000000,851663
14/02/20,000000,3762.0000000,3768.5000000,3661.0000000,3669.0000000,480070
17/02/20,000000,3685.0000000,3718.0000000,3651.5000000,3697.0000000,452693
18/02/20,000000,3688.5000000,3688.5000000,3605.0000000,3620.0000000,460542
19/02/20,000000,3631.0000000,3668.0000000,3557.5000000,3640.5000000,547359
20/02/20,000000,3651.0000000,3670.0000000,3617.0000000,3641.0000000,269194
21/02/20,000000,3623.0000000,3651.5000000,3591.0000000,3625.0000000,312226
25/02/20,000000,3556.0000000,3598.5000000,3500.0000000,3503.0000000,433180
26/02/20,000000,3488.0000000,3529.0000000,3390.5000000,3529.0000000,667542
27/02/20,000000,3482.0000000,3484.5000000,3320.0000000,3345.0000000,600611
28/02/20,000000,3236.0000000,3269.0000000,3054.0000000,3160.5000000,1459642
02/03/20,000000,3213.5000000,3271.5000000,3066.0000000,3201.0000000,749046
03/03/20,000000,3266.0000000,3288.0000000,3131.0000000,3150.0000000,807292
04/03/20,000000,3123.0000000,3182.0000000,3102.0000000,3130.0000000,532562
05/03/20,000000,3161.0000000,3169.0000000,3081.0000000,3121.0000000,521348
06/03/20,000000,3072.5000000,3093.5000000,2950.0000000,2984.0000000,862991
10/03/20,000000,2688.0000000,2820.0000000,2507.0000000,2669.5000000,2125922
11/03/20,000000,2689.0000000,2777.0000000,2630.0000000,2705.0000000,1264374
12/03/20,000000,2625.0000000,2625.0000000,2313.0000000,2337.0000000,1842348
13/03/20,000000,2327.0000000,2545.0000000,2289.0000000,2501.0000000,2036854
16/03/20,000000,2501.0000000,2650.0000000,2378.0000000,2636.0000000,1400055
17/03/20,000000,2589.5000000,2782.0000000,2583.5000000,2765.5000000,1387212
18/03/20,000000,2726.0000000,2890.0000000,2713.0000000,2780.0000000,1841047
19/03/20,000000,2779.5000000,2969.0000000,2771.0000000,2950.0000000,1233763
20/03/20,000000,2989.0000000,3075.0000000,2980.0000000,3002.5000000,1329099
23/03/20,000000,2949.0000000,3050.0000000,2830.0000000,2986.0000000,1068377
24/03/20,000000,3040.0000000,3095.0000000,3009.5000000,3020.0000000,733127
25/03/20,000000,3050.5000000,3134.0000000,2950.0000000,3070.0000000,1017518
26/03/20,000000,3069.5000000,3251.0000000,3003.0000000,3249.5000000,776449
27/03/20,000000,3254.0000000,3272.0000000,3063.5000000,3140.0000000,640870
30/03/20,000000,3100.5000000,3159.0000000,3045.0000000,3128.5000000,386716
31/03/20,000000,3149.0000000,3241.5000000,3065.0000000,3202.5000000,468120
01/04/20,000000,3158.0000000,3189.5000000,3116.5000000,3140.0000000,401981
02/04/20,000000,3171.5000000,3200.0000000,3115.0000000,3190.0000000,603133
03/04/20,000000,3178.0000000,3275.0000000,3158.0000000,3189.0000000,631941
06/04/20,000000,3207.0000000,3262.0000000,3191.0000000,3262.0000000,428077
07/04/20,000000,3284.5000000,3354.0000000,3254.0000000,3255.0000000,634958
08/04/20,000000,3231.5000000,3377.0000000,3204.0000000,3372.5000000,638994
09/04/20,000000,3387.0000000,3418.5000000,3287.5000000,3318.0000000,664627
10/04/20,000000,3318.0000000,3326.5000000,3275.5000000,3321.5000000,198605
13/04/20,000000,3315.5000000,3383.5000000,3260.0000000,3286.0000000,303435
14/04/20,000000,3318.0000000,3385.0000000,3308.0000000,3362.0000000,477174
15/04/20,000000,3365.0000000,3365.5000000,3215.0000000,3244.5000000,489492
16/04/20,000000,3249.0000000,3290.0000000,3180.0000000,3196.5000000,423817
17/04/20,000000,3253.0000000,3263.5000000,3200.0000000,3236.0000000,290157
20/04/20,000000,3232.0000000,3254.0000000,3159.5000000,3165.0000000,272556
21/04/20,000000,3129.0000000,3155.0000000,3032.0000000,3142.5000000,448016
22/04/20,000000,3140.0000000,3263.0000000,3120.0000000,3205.0000000,412431
23/04/20,000000,3236.0000000,3320.5000000,3187.5000000,3287.0000000,370461
24/04/20,000000,3298.5000000,3298.5000000,3215.5000000,3215.5000000,314692
27/04/20,000000,3233.0000000,3356.0000000,3229.0000000,3356.0000000,512104
28/04/20,000000,3348.5000000,3502.5000000,3336.0000000,3380.0000000,760416
29/04/20,000000,3399.5000000,3506.5000000,3392.0000000,3467.0000000,546429
30/04/20,000000,3479.0000000,3705.0000000,3468.0000000,3690.0000000,1484139
04/05/20,000000,3677.5000000,3858.0000000,3612.0000000,3760.0000000,1340370
05/05/20,000000,3782.5000000,3824.5000000,3664.5000000,3702.0000000,661431
06/05/20,000000,3708.5000000,3740.0000000,3661.0000000,3690.0000000,675492
07/05/20,000000,3691.5000000,3731.0000000,3673.0000000,3694.0000000,483755
08/05/20,000000,3699.5000000,3710.0000000,3640.5000000,3663.0000000,291016
12/05/20,000000,3663.0000000,3667.5000000,3573.0000000,3575.5000000,535623
13/05/20,000000,3569.5000000,3647.5000000,3518.0000000,3631.0000000,546151
14/05/20,000000,3610.0000000,3634.5000000,3507.0000000,3508.0000000,621758
15/05/20,000000,3531.0000000,3578.0000000,3520.5000000,3544.5000000,308703
18/05/20,000000,3570.0000000,3634.0000000,3551.5000000,3619.5000000,522604
19/05/20,000000,3640.0000000,3677.0000000,3583.0000000,3657.0000000,352357
20/05/20,000000,3658.0000000,3686.0000000,3633.0000000,3640.0000000,400697
21/05/20,000000,3643.0000000,3657.5000000,3592.5000000,3600.0000000,345079
22/05/20,000000,3589.0000000,3621.0000000,3566.0000000,3616.0000000,208008
25/05/20,000000,3622.0000000,3647.0000000,3614.5000000,3635.0000000,119457
26/05/20,000000,3649.0000000,3657.0000000,3581.5000000,3615.5000000,365782
27/05/20,000000,3615.5000000,3779.0000000,3608.5000000,3744.5000000,856327
28/05/20,000000,3763.5000000,3833.0000000,3735.0000000,3827.0000000,502375
29/05/20,000000,3818.0000000,3833.0000000,3728.0000000,3740.0000000,518322
01/06/20,000000,3754.0000000,3873.0000000,3753.0000000,3832.0000000,428320
02/06/20,000000,3852.0000000,3908.0000000,3823.5000000,3899.5000000,590579
03/06/20,000000,3915.0000000,3934.5000000,3812.0000000,3869.0000000,529011
04/06/20,000000,3869.0000000,3887.0000000,3789.5000000,3836.0000000,632588
05/06/20,000000,3840.5000000,3867.0000000,3815.0000000,3846.0000000,300224
08/06/20,000000,3863.0000000,3989.0000000,3855.0000000,3950.0000000,622249
09/06/20,000000,3969.0000000,3997.0000000,3916.5000000,3929.0000000,367852
10/06/20,000000,3933.0000000,4050.0000000,3911.0000000,3995.0000000,805517
11/06/20,000000,3955.0000000,4104.0000000,3930.0000000,4004.0000000,786098
15/06/20,000000,3984.5000000,4060.0000000,3924.5000000,3985.5000000,606762
16/06/20,000000,4010.0000000,4043.5000000,3945.0000000,3950.0000000,409007
17/06/20,000000,3969.5000000,3990.0000000,3904.0000000,3945.0000000,542551
18/06/20,000000,3805.0000000,3847.0000000,3791.0000000,3820.0000000,725669
19/06/20,000000,3840.5000000,3980.0000000,3832.0000000,3980.0000000,867710
22/06/20,000000,3960.0000000,4086.0000000,3907.0000000,4076.0000000,655479
23/06/20,000000,4083.0000000,4204.5000000,4083.0000000,4115.0000000,715543
25/06/20,000000,4098.5000000,4167.0000000,4066.0000000,4140.5000000,870462
26/06/20,000000,4145.0000000,4224.0000000,4134.5000000,4180.5000000,558665
29/06/20,000000,4182.5000000,4208.5000000,4114.0000000,4156.5000000,332486
30/06/20,000000,4153.5000000,4174.5000000,4020.5000000,4035.0000000,439418
02/07/20,000000,4054.0000000,4218.0000000,4047.0000000,4202.0000000,514032
03/07/20,000000,4205.0000000,4234.5000000,4179.0000000,4222.0000000,287251
06/07/20,000000,4236.0000000,4374.0000000,4236.0000000,4332.0000000,494536
07/07/20,000000,4322.5000000,4334.0000000,4235.5000000,4242.0000000,599546
08/07/20,000000,4240.0000000,4276.5000000,4184.0000000,4225.0000000,364001
09/07/20,000000,4224.0000000,4385.0000000,4224.0000000,4337.0000000,674716
10/07/20,000000,4320.0000000,4377.0000000,4272.5000000,4307.0000000,519649
13/07/20,000000,4315.5000000,4357.5000000,4274.0000000,4291.0000000,327645
14/07/20,000000,4305.5000000,4307.0000000,4125.0000000,4259.5000000,403736
15/07/20,000000,4264.5000000,4333.0000000,4237.5000000,4298.0000000,278935
16/07/20,000000,4285.0000000,4360.5000000,4218.0000000,4303.5000000,361755
17/07/20,000000,4300.5000000,4328.5000000,4264.0000000,4302.0000000,176026
20/07/20,000000,4299.0000000,4495.0000000,4276.5000000,4476.5000000,570102
21/07/20,000000,4487.0000000,4662.5000000,4480.0000000,4648.0000000,717238
22/07/20,000000,4647.0000000,4756.0000000,4610.5000000,4690.0000000,859724
23/07/20,000000,4700.0000000,4756.0000000,4675.5000000,4720.0000000,648464
24/07/20,000000,4717.0000000,4804.5000000,4692.5000000,4782.5000000,464885
27/07/20,000000,4794.0000000,4854.5000000,4680.0000000,4752.0000000,554837
28/07/20,000000,4755.0000000,4795.0000000,4713.5000000,4768.0000000,303507
29/07/20,000000,4762.0000000,4788.0000000,4600.0000000,4698.0000000,815281
30/07/20,000000,4707.0000000,4775.0000000,4622.0000000,4675.5000000,499186
31/07/20,000000,4652.5000000,4686.5000000,4555.0000000,4586.0000000,545908
03/08/20,000000,4586.0000000,4668.0000000,4574.0000000,4614.0000000,440772
04/08/20,000000,4630.0000000,4665.0000000,4600.5000000,4658.5000000,276765
05/08/20,000000,4666.0000000,4705.5000000,4591.5000000,4632.0000000,333049
06/08/20,000000,4630.5000000,4635.0000000,4572.5000000,4606.5000000,321495
07/08/20,000000,4603.0000000,4627.0000000,4534.0000000,4618.0000000,309905
10/08/20,000000,4622.0000000,4675.0000000,4577.0000000,4613.5000000,263586
11/08/20,000000,4613.0000000,4655.0000000,4563.5000000,4622.0000000,368984
12/08/20,000000,4636.0000000,4646.0000000,4581.0000000,4619.5000000,343556
13/08/20,000000,4619.5000000,4780.0000000,4593.5000000,4738.5000000,509353
14/08/20,000000,4740.0000000,4784.0000000,4676.0000000,4763.5000000,561231
17/08/20,000000,4764.0000000,4817.5000000,4647.5000000,4688.0000000,518607
18/08/20,000000,4670.0000000,4739.0000000,4655.0000000,4690.5000000,321094
19/08/20,000000,4695.0000000,4711.5000000,4661.5000000,4671.5000000,252837
20/08/20,000000,4659.5000000,4659.5000000,4523.5000000,4561.5000000,533803
21/08/20,000000,4558.5000000,4585.0000000,4438.0000000,4523.0000000,368723
24/08/20,000000,4548.5000000,4613.0000000,4532.5000000,4608.0000000,335463
25/08/20,000000,4615.5000000,4644.5000000,4576.0000000,4642.5000000,473599
26/08/20,000000,4642.0000000,4676.0000000,4606.5000000,4666.0000000,302374
27/08/20,000000,4666.0000000,4746.0000000,4652.5000000,4728.0000000,422233
28/08/20,000000,4729.0000000,4730.0000000,4560.0000000,4581.5000000,481042
31/08/20,000000,4590.0000000,4603.0000000,4420.5000000,4474.5000000,468217
01/09/20,000000,4480.0000000,4540.0000000,4376.0000000,4497.5000000,556547
02/09/20,000000,4500.0000000,4619.0000000,4444.5000000,4564.5000000,518184
03/09/20,000000,4575.5000000,4597.5000000,4537.5000000,4565.0000000,274496
04/09/20,000000,4559.5000000,4616.0000000,4528.0000000,4590.5000000,251453
07/09/20,000000,4580.0000000,4604.5000000,4540.0000000,4558.5000000,150741
08/09/20,000000,4562.0000000,4582.5000000,4448.5000000,4535.0000000,312059
09/09/20,000000,4532.0000000,4532.0000000,4403.0000000,4456.0000000,279467
10/09/20,000000,4463.0000000,4518.0000000,4420.0000000,4475.0000000,217757
11/09/20,000000,4490.0000000,4685.0000000,4468.0000000,4663.5000000,322222
14/09/20,000000,4685.0000000,4773.5000000,4632.0000000,4671.5000000,458729
15/09/20,000000,4663.0000000,4758.0000000,4609.5000000,4724.5000000,382678
16/09/20,000000,4735.5000000,4753.0000000,4637.0000000,4710.0000000,274442
17/09/20,000000,4683.0000000,4889.5000000,4677.0000000,4863.0000000,787198
18/09/20,000000,4867.0000000,4875.0000000,4788.0000000,4805.0000000,394972
21/09/20,000000,4813.0000000,4813.0000000,4691.5000000,4772.5000000,468255
22/09/20,000000,4762.0000000,4965.0000000,4717.0000000,4962.0000000,654074
23/09/20,000000,4951.0000000,5138.5000000,4918.0000000,4989.5000000,762604
24/09/20,000000,4980.5000000,5082.0000000,4966.0000000,5057.0000000,584374
25/09/20,000000,5062.0000000,5129.5000000,4976.5000000,5025.0000000,484960
28/09/20,000000,5040.0000000,5114.0000000,5023.0000000,5080.0000000,347077
29/09/20,000000,5068.0000000,5086.5000000,4926.0000000,4965.5000000,492171
30/09/20,000000,4954.0000000,4995.5000000,4874.5000000,4956.0000000,440560
01/10/20,000000,4983.5000000,5022.0000000,4850.0000000,4896.0000000,419660
02/10/20,000000,4860.0000000,4940.0000000,4853.5000000,4906.5000000,308123
05/10/20,000000,4917.0000000,4949.5000000,4872.0000000,4895.0000000,323020
06/10/20,000000,4901.0000000,4911.0000000,4858.0000000,4879.0000000,214699
07/10/20,000000,4877.0000000,4897.0000000,4692.0000000,4766.5000000,603324
08/10/20,000000,4770.0000000,4799.0000000,4695.0000000,4722.0000000,389157
09/10/20,000000,4719.5000000,4719.5000000,4597.0000000,4690.5000000,330711
12/10/20,000000,4699.0000000,4863.0000000,4676.0000000,4859.0000000,428179
13/10/20,000000,4852.0000000,4934.5000000,4785.0000000,4837.0000000,448933
14/10/20,000000,4839.0000000,4931.5000000,4818.5000000,4912.0000000,369365
15/10/20,000000,4902.5000000,4912.0000000,4702.0000000,4741.0000000,357136
16/10/20,000000,4738.5000000,4804.5000000,4687.0000000,4782.0000000,358808
19/10/20,000000,4787.5000000,4950.0000000,4777.5000000,4914.5000000,441176
20/10/20,000000,4929.0000000,5023.0000000,4867.5000000,4910.5000000,506574
21/10/20,000000,4912.0000000,4934.0000000,4829.0000000,4863.0000000,267046
22/10/20,000000,4849.0000000,4925.0000000,4831.0000000,4900.5000000,212813
23/10/20,000000,4898.5000000,4908.0000000,4825.5000000,4855.5000000,176391
26/10/20,000000,4829.0000000,4894.0000000,4760.0000000,4799.5000000,254788
27/10/20,000000,4817.5000000,4862.0000000,4763.0000000,4784.0000000,263856
28/10/20,000000,4775.0000000,4783.5000000,4636.0000000,4702.0000000,403906
29/10/20,000000,4710.0000000,4742.0000000,4581.0000000,4659.0000000,603634
30/10/20,000000,4636.0000000,4728.0000000,4542.0000000,4706.0000000,356991
02/11/20,000000,4706.0000000,4844.0000000,4635.0000000,4829.0000000,291287
03/11/20,000000,4833.0000000,4900.0000000,4728.0000000,4770.0000000,415512
05/11/20,000000,4820.0000000,4860.5000000,4708.0000000,4741.5000000,344948
06/11/20,000000,4749.0000000,4827.5000000,4694.5000000,4796.0000000,400139
09/11/20,000000,4820.0000000,4930.0000000,4797.5000000,4893.5000000,487087
10/11/20,000000,4885.0000000,4985.5000000,4880.0000000,4945.0000000,333565
11/11/20,000000,4961.0000000,5003.5000000,4754.0000000,4780.0000000,523010
12/11/20,000000,4777.0000000,4974.5000000,4771.0000000,4910.0000000,478098
13/11/20,000000,4930.0000000,4946.5000000,4831.0000000,4932.0000000,251469
16/11/20,000000,4947.0000000,5025.0000000,4906.5000000,4982.0000000,396031
17/11/20,000000,4993.5000000,5000.0000000,4848.0000000,4891.5000000,319977
18/11/20,000000,4891.5000000,5001.0000000,4850.0000000,4980.0000000,442458
19/11/20,000000,4998.0000000,5096.5000000,4943.0000000,5012.5000000,632419
20/11/20,000000,5001.0000000,5028.5000000,4900.0000000,4933.0000000,390445
23/11/20,000000,4934.0000000,4989.0000000,4883.0000000,4945.0000000,366980
24/11/20,000000,4960.0000000,4968.5000000,4876.5000000,4910.0000000,319868
25/11/20,000000,4915.0000000,4935.0000000,4806.5000000,4891.5000000,555502
26/11/20,000000,4897.0000000,4995.0000000,4874.5000000,4971.5000000,309192
27/11/20,000000,4977.5000000,4997.0000000,4936.5000000,4985.5000000,272493
30/11/20,000000,4969.5000000,5043.5000000,4947.0000000,4979.0000000,303833
01/12/20,000000,4979.0000000,5057.0000000,4961.5000000,5019.5000000,290875
02/12/20,000000,5004.0000000,5038.0000000,4968.5000000,4995.0000000,232363
03/12/20,000000,4998.5000000,5054.0000000,4950.5000000,5008.0000000,485355
04/12/20,000000,5013.5000000,5034.0000000,4975.0000000,4992.5000000,151598
07/12/20,000000,4994.5000000,5050.0000000,4992.0000000,5008.0000000,202118
08/12/20,000000,5022.5000000,5055.5000000,5000.0000000,5040.5000000,282800
09/12/20,000000,5051.5000000,5426.0000000,5048.0000000,5384.0000000,1358687
10/12/20,000000,5396.0000000,5496.0000000,5309.0000000,5384.5000000,908425
11/12/20,000000,5359.0000000,5418.0000000,5321.5000000,5381.0000000,309310
14/12/20,000000,5391.0000000,5549.0000000,5385.0000000,5512.0000000,574282
15/12/20,000000,5524.0000000,5548.0000000,5445.0000000,5494.0000000,306982
16/12/20,000000,5483.0000000,5537.5000000,5406.5000000,5432.0000000,324675
17/12/20,000000,5441.5000000,5457.5000000,5368.0000000,5421.0000000,382297
18/12/20,000000,5414.0000000,5498.5000000,5384.0000000,5449.0000000,332646
21/12/20,000000,5441.0000000,5444.0000000,5284.0000000,5362.0000000,571561
22/12/20,000000,5337.5000000,5394.5000000,5321.5000000,5346.0000000,283565
23/12/20,000000,5340.0000000,5382.0000000,5287.5000000,5356.0000000,272274
24/12/20,000000,5362.0000000,5468.5000000,5339.0000000,5424.5000000,260208
25/12/20,000000,5421.5000000,5486.0000000,5420.0000000,5474.5000000,179783
28/12/20,000000,5487.0000000,5607.5000000,5483.5000000,5599.0000000,368382
29/12/20,000000,5613.0000000,5687.5000000,5587.5000000,5643.0000000,425425
30/12/20,000000,5670.0000000,5714.0000000,5635.0000000,5685.5000000,424833
04/01/21,000000,5700.0000000,5784.5000000,5700.0000000,5744.0000000,389580
05/01/21,000000,5749.0000000,5770.0000000,5688.5000000,5762.5000000,523336
06/01/21,000000,5558.0000000,5620.0000000,5500.0000000,5534.0000000,748238
08/01/21,000000,5536.5000000,5590.0000000,5439.5000000,5478.0000000,685315
11/01/21,000000,5462.0000000,5546.0000000,5410.0000000,5484.5000000,381305
12/01/21,000000,5484.0000000,5541.0000000,5425.0000000,5450.5000000,384309
13/01/21,000000,5451.5000000,5473.5000000,5351.0000000,5410.0000000,292518
14/01/21,000000,5403.0000000,5423.0000000,5345.0000000,5375.5000000,284274
15/01/21,000000,5370.0000000,5373.0000000,5150.0000000,5210.0000000,1082136
18/01/21,000000,5209.5000000,5254.0000000,5143.5000000,5219.0000000,558907
19/01/21,000000,5232.5000000,5254.0000000,5134.5000000,5183.5000000,443464
20/01/21,000000,5188.5000000,5220.0000000,5125.0000000,5161.5000000,496304
21/01/21,000000,5170.0000000,5192.5000000,5045.5000000,5060.0000000,553023
22/01/21,000000,5054.0000000,5054.0000000,4918.0000000,4991.0000000,706032
25/01/21,000000,4984.5000000,5175.0000000,4983.5000000,5168.5000000,751937
26/01/21,000000,5147.0000000,5211.0000000,5125.5000000,5175.0000000,461057
27/01/21,000000,5180.0000000,5187.0000000,5070.0000000,5087.5000000,406595
28/01/21,000000,5049.5000000,5071.0000000,4981.0000000,5060.0000000,394757
29/01/21,000000,5031.5000000,5045.0000000,4900.5000000,4924.0000000,551594
01/02/21,000000,4941.5000000,5017.0000000,4865.0000000,4948.5000000,490220
02/02/21,000000,4949.0000000,5096.5000000,4949.0000000,5014.5000000,716539
03/02/21,000000,5013.5000000,5081.5000000,4987.5000000,5048.5000000,394810
04/02/21,000000,5055.5000000,5160.0000000,5005.0000000,5062.5000000,731022
05/02/21,000000,5082.0000000,5097.0000000,4953.0000000,4996.0000000,511451
08/02/21,000000,5013.0000000,5117.0000000,5005.0000000,5107.5000000,554832
09/02/21,000000,5112.0000000,5298.5000000,5110.0000000,5273.0000000,870072
10/02/21,000000,5295.5000000,5312.0000000,5125.5000000,5197.0000000,542689
11/02/21,000000,5177.0000000,5196.5000000,5090.0000000,5117.5000000,496228
12/02/21,000000,5100.0000000,5174.0000000,5036.0000000,5169.0000000,493207
15/02/21,000000,5187.0000000,5289.0000000,5186.5000000,5280.0000000,556501
16/02/21,000000,5285.0000000,5336.0000000,5271.5000000,5297.5000000,473145
17/02/21,000000,5300.5000000,5320.0000000,5211.0000000,5260.0000000,538090
18/02/21,000000,5244.5000000,5269.0000000,5076.0000000,5155.5000000,762248
19/02/21,000000,5160.0000000,5196.0000000,5110.5000000,5172.5000000,383471
20/02/21,000000,5155.0000000,5169.0000000,5125.0000000,5149.5000000,33555
22/02/21,000000,5161.5000000,5169.5000000,5055.0000000,5098.0000000,271104
24/02/21,000000,5091.0000000,5092.5000000,4957.0000000,5008.0000000,546134
25/02/21,000000,4998.0000000,5027.0000000,4889.5000000,4919.5000000,713489
26/02/21,000000,4900.5000000,4974.5000000,4872.5000000,4929.0000000,458905
01/03/21,000000,4957.0000000,4974.5000000,4916.5000000,4970.5000000,345421
02/03/21,000000,4965.0000000,5080.0000000,4938.0000000,5068.5000000,393648
03/03/21,000000,5080.0000000,5130.5000000,5016.0000000,5030.0000000,466695
04/03/21,000000,5035.5000000,5059.0000000,4953.0000000,4965.5000000,315202
05/03/21,000000,4983.0000000,5059.5000000,4906.5000000,5010.0000000,569971
09/03/21,000000,5024.5000000,5044.5000000,4936.0000000,4980.5000000,515133
10/03/21,000000,4975.0000000,5125.0000000,4966.5000000,5070.0000000,366323
11/03/21,000000,5089.5000000,5104.0000000,5031.0000000,5096.5000000,254304
12/03/21,000000,5100.0000000,5135.5000000,5074.5000000,5135.5000000,293522
15/03/21,000000,5149.0000000,5217.5000000,5142.0000000,5217.5000000,394556
16/03/21,000000,5207.0000000,5209.5000000,5132.5000000,5170.5000000,306942
17/03/21,000000,5195.0000000,5309.0000000,5170.0000000,5274.5000000,583209
18/03/21,000000,5283.5000000,5463.5000000,5275.0000000,5362.0000000,915441
19/03/21,000000,5375.5000000,5494.0000000,5301.0000000,5428.5000000,828789
22/03/21,000000,5435.0000000,5515.0000000,5374.0000000,5409.0000000,396221
23/03/21,000000,5400.0000000,5446.5000000,5282.5000000,5300.5000000,446257
24/03/21,000000,5318.0000000,5423.0000000,5308.0000000,5354.5000000,351371
25/03/21,000000,5370.5000000,5397.0000000,5250.0000000,5294.5000000,254876
26/03/21,000000,5301.0000000,5365.0000000,5289.5000000,5348.0000000,223178
29/03/21,000000,5314.5000000,5354.0000000,5256.0000000,5300.0000000,374734
30/03/21,000000,5332.0000000,5332.0000000,5281.0000000,5281.0000000,129101
31/03/21,000000,5282.5000000,5384.0000000,5268.0000000,5344.5000000,281065
01/04/21,000000,5357.0000000,5375.5000000,5270.0000000,5293.5000000,262969
02/04/21,000000,5295.5000000,5318.5000000,5273.0000000,5301.5000000,89435
05/04/21,000000,5290.5000000,5297.0000000,5202.0000000,5254.5000000,214581
06/04/21,000000,5259.0000000,5273.5000000,5096.0000000,5110.5000000,441607
07/04/21,000000,5114.0000000,5147.0000000,5040.0000000,5080.0000000,523524
08/04/21,000000,5080.5000000,5149.0000000,5033.5000000,5099.0000000,333972
09/04/21,000000,5107.0000000,5159.0000000,5060.0000000,5135.0000000,335742
12/04/21,000000,5147.0000000,5214.5000000,5125.0000000,5180.0000000,210750
13/04/21,000000,5181.0000000,5188.5000000,5086.5000000,5134.5000000,402712
14/04/21,000000,5137.0000000,5146.0000000,5070.5000000,5095.0000000,319263
15/04/21,000000,5073.5000000,5132.0000000,5046.0000000,5111.5000000,287983
16/04/21,000000,5135.0000000,5141.5000000,5083.0000000,5111.5000000,242272
19/04/21,000000,5117.0000000,5139.0000000,5081.0000000,5095.5000000,170630
20/04/21,000000,5102.0000000,5116.5000000,5054.0000000,5086.0000000,274908
21/04/21,000000,5077.5000000,5156.5000000,5071.0000000,5140.0000000,298355
22/04/21,000000,5129.5000000,5200.0000000,5100.0000000,5153.5000000,512716
23/04/21,000000,5153.5000000,5302.5000000,5130.0000000,5258.0000000,656956
26/04/21,000000,5306.0000000,5349.0000000,5255.0000000,5277.0000000,368435
27/04/21,000000,5283.5000000,5334.0000000,5215.0000000,5255.0000000,315832
28/04/21,000000,5255.0000000,5273.5000000,5166.0000000,5226.0000000,218274
29/04/21,000000,5231.0000000,5265.0000000,5083.0000000,5113.5000000,366747
30/04/21,000000,5116.5000000,5137.0000000,5070.0000000,5119.0000000,293771
04/05/21,000000,5135.0000000,5208.5000000,5131.5000000,5195.0000000,301887
05/05/21,000000,5200.5000000,5254.5000000,5144.5000000,5211.0000000,401030
06/05/21,000000,5215.0000000,5218.0000000,5135.0000000,5170.0000000,293274
07/05/21,000000,5167.5000000,5170.0000000,5093.0000000,5129.5000000,272200
10/05/21,000000,5127.5000000,5135.0000000,5065.0000000,5091.5000000,352679
11/05/21,000000,5090.0000000,5171.5000000,5081.0000000,5156.0000000,350973
12/05/21,000000,5145.0000000,5158.0000000,5065.5000000,5099.5000000,479750
13/05/21,000000,5099.0000000,5154.0000000,5089.5000000,5122.0000000,319780
14/05/21,000000,5122.5000000,5203.0000000,5122.5000000,5155.5000000,279172
17/05/21,000000,5155.0000000,5200.0000000,5103.5000000,5149.5000000,232862
18/05/21,000000,5164.5000000,5395.0000000,5153.0000000,5256.0000000,2440178
19/05/21,000000,5260.5000000,5301.0000000,5151.0000000,5226.5000000,516892
20/05/21,000000,5232.0000000,5241.5000000,5141.5000000,5161.0000000,335771
21/05/21,000000,5163.0000000,5315.0000000,5163.0000000,5300.5000000,591373
24/05/21,000000,5317.0000000,5345.0000000,5265.5000000,5282.0000000,296527
25/05/21,000000,5279.5000000,5348.0000000,5255.5000000,5331.0000000,283530
26/05/21,000000,5330.5000000,5410.0000000,5317.0000000,5346.5000000,357235
27/05/21,000000,5330.0000000,5385.0000000,5300.0000000,5362.0000000,354701
28/05/21,000000,5378.0000000,5433.0000000,5361.5000000,5409.5000000,335283
31/05/21,000000,5420.0000000,5474.5000000,5420.0000000,5460.5000000,243315
01/06/21,000000,5480.0000000,5524.5000000,5442.0000000,5469.5000000,402900
02/06/21,000000,5476.0000000,5500.0000000,5432.0000000,5471.5000000,257450
03/06/21,000000,5466.5000000,5502.0000000,5439.0000000,5459.0000000,299888
04/06/21,000000,5476.5000000,5476.5000000,5382.5000000,5445.0000000,321749
07/06/21,000000,5445.0000000,5471.0000000,5390.5000000,5417.0000000,240113
08/06/21,000000,5430.5000000,5452.5000000,5338.5000000,5396.0000000,325771
09/06/21,000000,5400.0000000,5403.0000000,5345.0000000,5384.5000000,194043
10/06/21,000000,5385.0000000,5398.5000000,5315.0000000,5379.5000000,295036
11/06/21,000000,5384.5000000,5459.5000000,5345.0000000,5405.0000000,430067
14/06/21,000000,5394.0000000,5460.0000000,5392.5000000,5449.0000000,235351
15/06/21,000000,5455.0000000,5499.0000000,5422.5000000,5457.5000000,354744
16/06/21,000000,5460.0000000,5505.0000000,5451.0000000,5486.0000000,494842
17/06/21,000000,5466.5000000,5568.5000000,5462.0000000,5559.0000000,506767
18/06/21,000000,5555.5000000,5685.0000000,5460.0000000,5605.0000000,685824
21/06/21,000000,5595.0000000,5670.0000000,5586.0000000,5650.0000000,510133
22/06/21,000000,5675.0000000,5686.5000000,5585.5000000,5606.0000000,517615
23/06/21,000000,5607.0000000,5628.0000000,5550.0000000,5569.0000000,732605
24/06/21,000000,5323.0000000,5363.0000000,5275.0000000,5319.5000000,602009
25/06/21,000000,5323.0000000,5335.5000000,5290.0000000,5324.5000000,181667
28/06/21,000000,5314.5000000,5339.0000000,5296.0000000,5302.5000000,267538
29/06/21,000000,5284.5000000,5371.5000000,5270.0000000,5324.0000000,233777
30/06/21,000000,5353.0000000,5355.0000000,5280.0000000,5301.0000000,247627
01/07/21,000000,5290.0000000,5324.0000000,5271.0000000,5282.5000000,174350
02/07/21,000000,5288.5000000,5303.0000000,5225.5000000,5250.0000000,300406
05/07/21,000000,5261.0000000,5283.0000000,5221.0000000,5232.0000000,196005
06/07/21,000000,5230.0000000,5311.0000000,5202.0000000,5241.0000000,371745
07/07/21,000000,5264.5000000,5328.0000000,5239.5000000,5310.0000000,303941
08/07/21,000000,5310.0000000,5357.5000000,5245.0000000,5344.0000000,307485
09/07/21,000000,5352.0000000,5368.0000000,5302.0000000,5322.5000000,237858
12/07/21,000000,5329.5000000,5370.0000000,5320.0000000,5365.0000000,136407
13/07/21,000000,5369.0000000,5417.5000000,5344.5000000,5416.5000000,323005
14/07/21,000000,5423.0000000,5425.0000000,5382.5000000,5385.0000000,189647
15/07/21,000000,5385.0000000,5437.5000000,5287.5000000,5308.0000000,326007
16/07/21,000000,5308.0000000,5335.0000000,5205.0000000,5235.0000000,295663
19/07/21,000000,5214.0000000,5237.0000000,5055.5000000,5099.0000000,402003
20/07/21,000000,5109.5000000,5133.0000000,5067.5000000,5096.5000000,174190
21/07/21,000000,5110.0000000,5149.0000000,5080.0000000,5142.0000000,151683
22/07/21,000000,5152.0000000,5159.5000000,5071.0000000,5128.0000000,218313
23/07/21,000000,5136.5000000,5168.0000000,5104.0000000,5130.0000000,183417
26/07/21,000000,5119.0000000,5215.0000000,5097.0000000,5215.0000000,279104
27/07/21,000000,5225.0000000,5247.5000000,5155.5000000,5198.5000000,255886
28/07/21,000000,5209.5000000,5278.5000000,5200.0000000,5265.0000000,235611
29/07/21,000000,5307.5000000,5375.0000000,5261.0000000,5347.0000000,292396
30/07/21,000000,5340.0000000,5399.5000000,5326.5000000,5337.0000000,346837
02/08/21,000000,5361.0000000,5376.0000000,5306.0000000,5321.0000000,216911
03/08/21,000000,5344.0000000,5395.0000000,5324.0000000,5383.0000000,234165
04/08/21,000000,5398.0000000,5456.0000000,5386.5000000,5415.0000000,297281
05/08/21,000000,5415.0000000,5515.0000000,5404.5000000,5489.5000000,506706
06/08/21,000000,5496.0000000,5510.0000000,5455.0000000,5458.5000000,185302
09/08/21,000000,5452.0000000,5494.5000000,5416.0000000,5457.0000000,278355
10/08/21,000000,5468.0000000,5484.5000000,5432.5000000,5458.0000000,304453
11/08/21,000000,5468.5000000,5507.0000000,5440.0000000,5465.0000000,240920
12/08/21,000000,5474.5000000,5545.0000000,5453.5000000,5537.5000000,444306
13/08/21,000000,5546.0000000,5611.0000000,5433.0000000,5504.5000000,837796
16/08/21,000000,5463.5000000,5487.0000000,5380.0000000,5466.0000000,346230
17/08/21,000000,5471.5000000,5568.0000000,5471.5000000,5523.5000000,303759
18/08/21,000000,5530.0000000,5620.0000000,5518.0000000,5555.0000000,269970
19/08/21,000000,5540.0000000,5598.0000000,5514.0000000,5573.0000000,275808
20/08/21,000000,5570.5000000,5584.5000000,5530.0000000,5532.0000000,100666
23/08/21,000000,5561.5000000,5584.0000000,5527.5000000,5545.0000000,160716
24/08/21,000000,5558.5000000,5638.0000000,5553.0000000,5634.0000000,374893
25/08/21,000000,5634.0000000,5650.0000000,5574.5000000,5583.0000000,270661
26/08/21,000000,5580.5000000,5633.5000000,5551.0000000,5619.0000000,217540
27/08/21,000000,5620.5000000,5636.0000000,5584.0000000,5601.0000000,224469
30/08/21,000000,5601.0000000,5623.5000000,5544.0000000,5591.0000000,230782
31/08/21,000000,5599.5000000,5634.0000000,5530.0000000,5539.5000000,262975
01/09/21,000000,5539.5000000,5584.5000000,5501.0000000,5547.5000000,205833
02/09/21,000000,5548.0000000,5581.5000000,5481.0000000,5565.5000000,189545
03/09/21,000000,5569.0000000,5592.0000000,5452.0000000,5517.5000000,240189
06/09/21,000000,5498.0000000,5514.5000000,5429.0000000,5440.0000000,195071
07/09/21,000000,5452.5000000,5461.5000000,5320.0000000,5337.0000000,412383
08/09/21,000000,5330.0000000,5474.0000000,5324.0000000,5452.5000000,331764
09/09/21,000000,5452.5000000,5453.5000000,5301.0000000,5323.0000000,265004
10/09/21,000000,5340.0000000,5353.5000000,5252.0000000,5318.5000000,326991
13/09/21,000000,5300.0000000,5454.5000000,5291.0000000,5434.5000000,360378
14/09/21,000000,5445.0000000,5467.0000000,5370.0000000,5378.0000000,249237
15/09/21,000000,5385.0000000,5512.5000000,5378.0000000,5501.5000000,403860
16/09/21,000000,5505.0000000,5732.0000000,5505.0000000,5714.5000000,1188324
17/09/21,000000,5696.0000000,5750.0000000,5649.0000000,5727.5000000,521584
20/09/21,000000,5719.0000000,5720.5000000,5593.0000000,5630.5000000,368610
21/09/21,000000,5646.0000000,5700.0000000,5615.5000000,5623.5000000,194654
22/09/21,000000,5626.5000000,5667.5000000,5626.5000000,5655.5000000,87420
23/09/21,000000,5652.0000000,5994.5000000,5652.0000000,5941.0000000,976309
24/09/21,000000,5941.0000000,6015.0000000,5890.0000000,5944.5000000,583140
27/09/21,000000,5972.0000000,5982.0000000,5842.5000000,5954.5000000,606852
28/09/21,000000,5980.0000000,6055.0000000,5850.5000000,5906.5000000,639806
29/09/21,000000,5906.0000000,6049.0000000,5905.0000000,6027.5000000,378680
30/09/21,000000,6052.5000000,6131.5000000,5988.0000000,6060.0000000,505189
01/10/21,000000,6029.5000000,6080.5000000,5976.5000000,6014.0000000,214834
04/10/21,000000,6022.0000000,6056.5000000,5928.5000000,5985.5000000,316715
05/10/21,000000,5980.0000000,6280.0000000,5976.0000000,6245.0000000,452877
06/10/21,000000,6275.0000000,6289.0000000,6162.0000000,6240.5000000,360967
07/10/21,000000,6250.0000000,6377.0000000,6215.5000000,6339.5000000,448205
08/10/21,000000,6341.5000000,6408.0000000,6280.5000000,6300.0000000,222182
11/10/21,000000,6310.0000000,6365.0000000,6272.5000000,6350.0000000,125948
12/10/21,000000,6350.0000000,6495.0000000,6320.5000000,6475.5000000,338364
13/10/21,000000,6485.0000000,6488.5000000,6285.0000000,6401.0000000,227631
14/10/21,000000,6416.5000000,6446.0000000,6342.0000000,6358.0000000,190400
15/10/21,000000,6351.0000000,6354.0000000,6218.5000000,6270.5000000,263248
18/10/21,000000,6252.5000000,6330.5000000,6196.0000000,6270.0000000,186301
19/10/21,000000,6284.0000000,6375.0000000,6271.0000000,6361.0000000,201730
20/10/21,000000,6361.0000000,6384.0000000,6244.0000000,6307.5000000,326123
21/10/21,000000,6296.5000000,6306.5000000,6144.5000000,6158.0000000,230635
22/10/21,000000,6166.0000000,6419.0000000,6142.0000000,6315.5000000,484507
25/10/21,000000,6320.0000000,6480.0000000,6283.5000000,6465.0000000,331991
26/10/21,000000,6469.0000000,6613.5000000,6414.5000000,6570.5000000,445598
27/10/21,000000,6594.0000000,6704.0000000,6507.5000000,6668.0000000,443068
28/10/21,000000,6668.0000000,6741.0000000,6551.5000000,6635.0000000,339861
29/10/21,000000,6620.0000000,6627.0000000,6435.5000000,6472.0000000,329842
01/11/21,000000,6507.5000000,6565.0000000,6430.0000000,6536.0000000,198637
02/11/21,000000,6552.5000000,6695.0000000,6504.5000000,6656.0000000,258281
03/11/21,000000,6667.0000000,6723.5000000,6570.5000000,6712.0000000,284798
05/11/21,000000,6713.0000000,6842.0000000,6623.0000000,6793.5000000,418598
08/11/21,000000,6807.0000000,6972.0000000,6791.5000000,6859.5000000,361677
09/11/21,000000,6879.0000000,7011.5000000,6680.0000000,6729.5000000,507463
10/11/21,000000,6731.0000000,6731.0000000,6583.0000000,6594.0000000,489789
11/11/21,000000,6619.5000000,6796.0000000,6470.0000000,6779.0000000,513124
12/11/21,000000,6794.5000000,6822.0000000,6492.0000000,6568.5000000,705952
15/11/21,000000,6575.0000000,6640.0000000,6443.5000000,6499.5000000,396228
16/11/21,000000,6500.0000000,6590.0000000,6460.5000000,6551.0000000,304438
17/11/21,000000,6557.0000000,6557.0000000,6315.5000000,6405.0000000,406460
18/11/21,000000,6387.5000000,6427.0000000,5938.0000000,5945.5000000,898753
19/11/21,000000,5945.5000000,6219.5000000,5796.5000000,6014.0000000,2349502
22/11/21,000000,6015.5000000,6100.0000000,5749.0000000,5789.5000000,900867
23/11/21,000000,5740.5000000,5919.0000000,5620.0000000,5917.0000000,742777
24/11/21,000000,5927.0000000,5973.0000000,5789.0000000,5875.0000000,535221
25/11/21,000000,5932.5000000,6081.5000000,5880.0000000,6056.0000000,433085
26/11/21,000000,5973.5000000,5973.5000000,5740.5000000,5775.5000000,544676
29/11/21,000000,5832.5000000,5914.0000000,5802.0000000,5898.5000000,425202
30/11/21,000000,5860.0000000,5978.0000000,5698.0000000,5733.0000000,588733
01/12/21,000000,5754.0000000,5889.0000000,5728.0000000,5768.0000000,432481
02/12/21,000000,5780.0000000,5824.0000000,5736.0000000,5789.0000000,267767
03/12/21,000000,5803.0000000,5823.5000000,5693.5000000,5715.5000000,207500
06/12/21,000000,5745.0000000,5794.0000000,5603.0000000,5650.0000000,295388
07/12/21,000000,5675.0000000,5850.0000000,5619.5000000,5841.5000000,319388
08/12/21,000000,5850.0000000,5907.0000000,5680.0000000,5765.0000000,302496
09/12/21,000000,5775.0000000,5949.5000000,5755.0000000,5908.0000000,376811
10/12/21,000000,5915.0000000,5958.0000000,5770.5000000,5822.5000000,249378
13/12/21,000000,5823.0000000,5892.5000000,5600.0000000,5637.0000000,364303
14/12/21,000000,5637.0000000,5731.5000000,5264.5000000,5670.0000000,415271
15/12/21,000000,5688.5000000,5728.5000000,5580.0000000,5700.0000000,318723
16/12/21,000000,5700.0000000,5846.0000000,5683.5000000,5752.0000000,557711
17/12/21,000000,5759.5000000,5776.5000000,5611.5000000,5674.5000000,346340
20/12/21,000000,5657.5000000,5658.5000000,5492.5000000,5533.5000000,279999
21/12/21,000000,5559.5000000,5600.0000000,5483.0000000,5521.5000000,327690
22/12/21,000000,5541.5000000,5598.0000000,5501.5000000,5551.0000000,311777
23/12/21,000000,5551.5000000,5612.0000000,5505.0000000,5538.5000000,320871
24/12/21,000000,5543.5000000,5629.0000000,5505.0000000,5592.5000000,175935
27/12/21,000000,5612.5000000,5685.0000000,5600.0000000,5665.5000000,359711
28/12/21,000000,5670.0000000,5679.5000000,5602.0000000,5658.0000000,500337
29/12/21,000000,5401.0000000,5466.5000000,5378.0000000,5446.0000000,470799
30/12/21,000000,5445.0000000,5488.0000000,5409.0000000,5444.0000000,270527
03/01/22,000000,5461.5000000,5549.0000000,5440.5000000,5509.5000000,188883
04/01/22,000000,5509.5000000,5578.0000000,5493.5000000,5565.0000000,215745
05/01/22,000000,5570.0000000,5602.5000000,5370.0000000,5399.0000000,202620
06/01/22,000000,5390.0000000,5555.0000000,5360.0000000,5535.0000000,215082
10/01/22,000000,5538.0000000,5584.5000000,5424.0000000,5473.0000000,231465
11/01/22,000000,5475.0000000,5563.0000000,5460.0000000,5505.5000000,188782
12/01/22,000000,5529.0000000,5642.5000000,5480.0000000,5623.0000000,355621
13/01/22,000000,5609.0000000,5640.0000000,5250.0000000,5330.0000000,667823
14/01/22,000000,5353.5000000,5399.0000000,5106.0000000,5235.5000000,839771
17/01/22,000000,5235.0000000,5297.0000000,5141.5000000,5185.5000000,500397
18/01/22,000000,5206.0000000,5226.5000000,4770.0000000,4973.0000000,860969
19/01/22,000000,5000.0000000,5149.5000000,4791.5000000,5040.0000000,750621
20/01/22,000000,5042.5000000,5175.0000000,4982.0000000,4991.0000000,437643
21/01/22,000000,4980.0000000,5137.5000000,4921.5000000,5046.5000000,549929
24/01/22,000000,5060.0000000,5090.0000000,4667.0000000,4823.5000000,900705
25/01/22,000000,4823.5000000,4909.0000000,4651.0000000,4895.0000000,619959
26/01/22,000000,4897.0000000,4924.0000000,4733.0000000,4768.5000000,508943
27/01/22,000000,4736.0000000,4997.5000000,4714.5000000,4883.5000000,668361
28/01/22,000000,4890.0000000,4968.0000000,4816.5000000,4904.0000000,467413
31/01/22,000000,4931.0000000,5079.0000000,4921.5000000,5079.0000000,287546
01/02/22,000000,5079.0000000,5117.0000000,5012.0000000,5114.0000000,390602
02/02/22,000000,5115.0000000,5225.0000000,5106.0000000,5200.0000000,378878
03/02/22,000000,5200.0000000,5278.0000000,5125.0000000,5187.0000000,556896
04/02/22,000000,5195.0000000,5384.5000000,5176.0000000,5285.0000000,740012
07/02/22,000000,5300.5000000,5357.0000000,5153.0000000,5210.0000000,368050
08/02/22,000000,5216.5000000,5229.0000000,5164.5000000,5182.0000000,407416
09/02/22,000000,5194.0000000,5276.5000000,5182.5000000,5254.0000000,436568
10/02/22,000000,5265.0000000,5269.0000000,5197.0000000,5227.5000000,310998
11/02/22,000000,5220.0000000,5224.0000000,4925.5000000,4971.5000000,595991
14/02/22,000000,4964.5000000,5045.5000000,4770.0000000,4956.5000000,542386
15/02/22,000000,4975.0000000,5260.5000000,4971.5000000,5239.0000000,480608
16/02/22,000000,5260.0000000,5450.0000000,5191.0000000,5395.0000000,529553
17/02/22,000000,5395.0000000,5402.5000000,5187.0000000,5224.5000000,567731
18/02/22,000000,5220.5000000,5284.5000000,4996.0000000,5041.5000000,572652
21/02/22,000000,5041.0000000,5186.0000000,4021.0000000,4240.0000000,1586697
22/02/22,000000,4180.0000000,4660.0000000,4000.5000000,4600.0000000,1540082
24/02/22,000000,4025.0000000,4300.0000000,2414.0000000,3312.0000000,1561177
